topcreditor,topdebtor,creditor,debtor,amount,risk
org.eclipse.jdt.apt.core,org.eclipse.jdt.apt.core,com.sun.mirror.apt,com.sun.mirror.apt,1,1
org.eclipse.jdt.apt.core,org.eclipse.jdt.apt.core,com.sun.mirror.util,com.sun.mirror.util,49,7
org.eclipse.jdt.apt.core,org.eclipse.jdt.apt.core,com.sun.mirror.util,com.sun.mirror.declaration,65,5
org.eclipse.jdt.apt.core,org.eclipse.jdt.apt.core,org.eclipse.jdt.apt.core.env,org.eclipse.jdt.apt.core.internal.env,1,1
org.eclipse.jdt.apt.core,org.eclipse.jdt.apt.core,org.eclipse.jdt.apt.core.internal.env,com.sun.mirror.apt,2,1
org.eclipse.jdt.apt.core,org.eclipse.jdt.apt.core,org.eclipse.jdt.apt.core.internal.env,com.sun.mirror.util,4,1
org.eclipse.jdt.apt.core,org.eclipse.jdt.apt.core,org.eclipse.jdt.apt.core.internal.env,com.sun.mirror.declaration,2,1
org.eclipse.jdt.apt.core,org.eclipse.jdt.apt.core,org.eclipse.jdt.apt.core.internal.env,org.eclipse.jdt.apt.core.internal.env,174,13
org.eclipse.jdt.apt.core,org.eclipse.jdt.apt.core,org.eclipse.jdt.apt.core.internal.env,org.eclipse.jdt.apt.core.util,2,1
org.eclipse.jdt.apt.core,org.eclipse.jdt.apt.core,org.eclipse.jdt.apt.core.internal.env,org.eclipse.jdt.apt.core.internal.util,25,6
org.eclipse.jdt.apt.core,org.eclipse.jdt.apt.core,org.eclipse.jdt.apt.core.internal.env,org.eclipse.jdt.apt.core.internal,18,2
org.eclipse.jdt.apt.core,org.eclipse.jdt.apt.core,org.eclipse.jdt.apt.core.internal.env,org.eclipse.jdt.apt.core.internal.declaration,14,3
org.eclipse.jdt.apt.core,org.eclipse.jdt.apt.core,org.eclipse.jdt.apt.core.internal.env,org.eclipse.jdt.apt.core.internal.generatedfile,8,3
org.eclipse.jdt.apt.core,org.eclipse.jdt.apt.core,org.eclipse.jdt.apt.core.util,com.sun.mirror.apt,1,1
org.eclipse.jdt.apt.core,org.eclipse.jdt.apt.core,org.eclipse.jdt.apt.core.util,org.eclipse.jdt.apt.core.util,25,2
org.eclipse.jdt.apt.core,org.eclipse.jdt.apt.core,org.eclipse.jdt.apt.core.util,org.eclipse.jdt.apt.core.internal.util,4,1
org.eclipse.jdt.apt.core,org.eclipse.jdt.apt.core,org.eclipse.jdt.apt.core.util,org.eclipse.jdt.apt.core.internal,18,3
org.eclipse.jdt.apt.core,org.eclipse.jdt.apt.core,org.eclipse.jdt.apt.core.util,org.eclipse.jdt.apt.core.internal.generatedfile,2,1
org.eclipse.jdt.apt.core,org.eclipse.jdt.apt.core,org.eclipse.jdt.apt.core.internal.util,com.sun.mirror.declaration,2,1
org.eclipse.jdt.apt.core,org.eclipse.jdt.apt.core,org.eclipse.jdt.apt.core.internal.util,org.eclipse.jdt.apt.core.internal.env,24,2
org.eclipse.jdt.apt.core,org.eclipse.jdt.apt.core,org.eclipse.jdt.apt.core.internal.util,org.eclipse.jdt.apt.core.internal.util,129,14
org.eclipse.jdt.apt.core,org.eclipse.jdt.apt.core,org.eclipse.jdt.apt.core.internal.util,org.eclipse.jdt.apt.core.internal,11,2
org.eclipse.jdt.apt.core,org.eclipse.jdt.apt.core,org.eclipse.jdt.apt.core.internal.util,com.sun.mirror.type,3,2
org.eclipse.jdt.apt.core,org.eclipse.jdt.apt.core,org.eclipse.jdt.apt.core.internal.util,org.eclipse.jdt.apt.core.internal.declaration,20,9
org.eclipse.jdt.apt.core,org.eclipse.jdt.apt.core,org.eclipse.jdt.apt.core.internal.util,org.eclipse.jdt.apt.core.internal.type,1,1
org.eclipse.jdt.apt.core,org.eclipse.jdt.apt.core,org.eclipse.jdt.apt.core.internal,com.sun.mirror.apt,10,3
org.eclipse.jdt.apt.core,org.eclipse.jdt.apt.core,org.eclipse.jdt.apt.core.internal,org.eclipse.jdt.apt.core.internal.env,47,4
org.eclipse.jdt.apt.core,org.eclipse.jdt.apt.core,org.eclipse.jdt.apt.core.internal,org.eclipse.jdt.apt.core.util,6,1
org.eclipse.jdt.apt.core,org.eclipse.jdt.apt.core,org.eclipse.jdt.apt.core.internal,org.eclipse.jdt.apt.core.internal.util,24,5
org.eclipse.jdt.apt.core,org.eclipse.jdt.apt.core,org.eclipse.jdt.apt.core.internal,org.eclipse.jdt.apt.core.internal,182,12
org.eclipse.jdt.apt.core,org.eclipse.jdt.apt.core,org.eclipse.jdt.apt.core.internal,org.eclipse.jdt.apt.core.internal.generatedfile,11,2
org.eclipse.jdt.apt.core,org.eclipse.jdt.apt.core,com.sun.mirror.type,com.sun.mirror.type,2,1
org.eclipse.jdt.apt.core,org.eclipse.jdt.apt.core,org.eclipse.jdt.apt.core.internal.declaration,com.sun.mirror.util,30,2
org.eclipse.jdt.apt.core,org.eclipse.jdt.apt.core,org.eclipse.jdt.apt.core.internal.declaration,com.sun.mirror.declaration,2,2
org.eclipse.jdt.apt.core,org.eclipse.jdt.apt.core,org.eclipse.jdt.apt.core.internal.declaration,org.eclipse.jdt.apt.core.internal.env,9,1
org.eclipse.jdt.apt.core,org.eclipse.jdt.apt.core,org.eclipse.jdt.apt.core.internal.declaration,org.eclipse.jdt.apt.core.internal.util,62,2
org.eclipse.jdt.apt.core,org.eclipse.jdt.apt.core,org.eclipse.jdt.apt.core.internal.declaration,org.eclipse.jdt.apt.core.internal.declaration,216,23
org.eclipse.jdt.apt.core,org.eclipse.jdt.apt.core,org.eclipse.jdt.apt.core.internal.type,com.sun.mirror.util,9,1
org.eclipse.jdt.apt.core,org.eclipse.jdt.apt.core,org.eclipse.jdt.apt.core.internal.type,org.eclipse.jdt.apt.core.internal.env,1,1
org.eclipse.jdt.apt.core,org.eclipse.jdt.apt.core,org.eclipse.jdt.apt.core.internal.type,org.eclipse.jdt.apt.core.internal.util,6,1
org.eclipse.jdt.apt.core,org.eclipse.jdt.apt.core,org.eclipse.jdt.apt.core.internal.type,org.eclipse.jdt.apt.core.internal.declaration,9,2
org.eclipse.jdt.apt.core,org.eclipse.jdt.apt.core,org.eclipse.jdt.apt.core.internal.type,org.eclipse.jdt.apt.core.internal.type,6,2
org.eclipse.jdt.apt.core,org.eclipse.jdt.apt.core,org.eclipse.jdt.apt.core.internal.generatedfile,org.eclipse.jdt.apt.core.util,8,1
org.eclipse.jdt.apt.core,org.eclipse.jdt.apt.core,org.eclipse.jdt.apt.core.internal.generatedfile,org.eclipse.jdt.apt.core.internal.util,50,2
org.eclipse.jdt.apt.core,org.eclipse.jdt.apt.core,org.eclipse.jdt.apt.core.internal.generatedfile,org.eclipse.jdt.apt.core.internal,97,2
org.eclipse.jdt.apt.core,org.eclipse.jdt.apt.core,org.eclipse.jdt.apt.core.internal.generatedfile,org.eclipse.jdt.apt.core.internal.generatedfile,122,9
org.eclipse.jdt.apt.pluggable.core,org.eclipse.jdt.apt.core,org.eclipse.jdt.internal.apt.pluggable.core.dispatch,org.eclipse.jdt.apt.core.util,1,1
org.eclipse.jdt.apt.pluggable.core,org.eclipse.jdt.apt.core,org.eclipse.jdt.internal.apt.pluggable.core.dispatch,org.eclipse.jdt.apt.core.internal,8,4
org.eclipse.jdt.apt.pluggable.core,org.eclipse.jdt.apt.core,org.eclipse.jdt.internal.apt.pluggable.core.dispatch,org.eclipse.jdt.apt.core.internal.generatedfile,2,1
org.eclipse.jdt.apt.pluggable.core,org.eclipse.jdt.apt.core,org.eclipse.jdt.internal.apt.pluggable.core.filer,org.eclipse.jdt.apt.core.internal.util,2,1
org.eclipse.jdt.apt.pluggable.core,org.eclipse.jdt.apt.core,org.eclipse.jdt.internal.apt.pluggable.core.filer,org.eclipse.jdt.apt.core.internal,9,2
org.eclipse.jdt.apt.pluggable.core,org.eclipse.jdt.apt.core,org.eclipse.jdt.internal.apt.pluggable.core.filer,org.eclipse.jdt.apt.core.internal.generatedfile,6,2
org.eclipse.jdt.apt.pluggable.core,org.eclipse.jdt.apt.pluggable.core,org.eclipse.jdt.internal.apt.pluggable.core.dispatch,org.eclipse.jdt.internal.apt.pluggable.core.dispatch,5,3
org.eclipse.jdt.apt.pluggable.core,org.eclipse.jdt.apt.pluggable.core,org.eclipse.jdt.internal.apt.pluggable.core.dispatch,org.eclipse.jdt.internal.apt.pluggable.core,6,1
org.eclipse.jdt.apt.pluggable.core,org.eclipse.jdt.apt.pluggable.core,org.eclipse.jdt.internal.apt.pluggable.core,org.eclipse.jdt.internal.apt.pluggable.core,4,1
org.eclipse.jdt.apt.pluggable.core,org.eclipse.jdt.apt.pluggable.core,org.eclipse.jdt.internal.apt.pluggable.core.filer,org.eclipse.jdt.internal.apt.pluggable.core.dispatch,13,1
org.eclipse.jdt.apt.pluggable.core,org.eclipse.jdt.apt.pluggable.core,org.eclipse.jdt.internal.apt.pluggable.core.filer,org.eclipse.jdt.internal.apt.pluggable.core,3,1
org.eclipse.jdt.apt.pluggable.core,org.eclipse.jdt.apt.pluggable.core,org.eclipse.jdt.internal.apt.pluggable.core.filer,org.eclipse.jdt.internal.apt.pluggable.core.filer,11,5
org.eclipse.jdt.apt.pluggable.core,org.eclipse.jdt.compiler.apt,org.eclipse.jdt.internal.apt.pluggable.core.dispatch,org.eclipse.jdt.internal.compiler.apt.dispatch,2,2
org.eclipse.jdt.apt.pluggable.core,org.eclipse.jdt.compiler.apt,org.eclipse.jdt.internal.apt.pluggable.core.dispatch,org.eclipse.jdt.internal.compiler.apt.model,1,1
org.eclipse.jdt.apt.ui,org.eclipse.jdt.apt.core,org.eclipse.jdt.apt.ui.internal.preferences,org.eclipse.jdt.apt.core.util,16,1
org.eclipse.jdt.apt.ui,org.eclipse.jdt.apt.core,org.eclipse.jdt.apt.ui.internal.preferences,org.eclipse.jdt.apt.core.internal.util,35,4
org.eclipse.jdt.apt.ui,org.eclipse.jdt.apt.core,org.eclipse.jdt.apt.ui.internal.preferences,org.eclipse.jdt.apt.core.internal,8,2
org.eclipse.jdt.apt.ui,org.eclipse.jdt.apt.ui,org.eclipse.jdt.apt.ui.internal.preferences,org.eclipse.jdt.apt.ui.internal.preferences,198,10
org.eclipse.jdt.apt.ui,org.eclipse.jdt.apt.ui,org.eclipse.jdt.apt.ui.internal.preferences,org.eclipse.jdt.apt.ui.internal,2,1
org.eclipse.jdt.apt.ui,org.eclipse.jdt.apt.ui,org.eclipse.jdt.apt.ui.internal.preferences,org.eclipse.jdt.apt.ui.internal.util,3,1
org.eclipse.jdt.apt.ui,org.eclipse.jdt.apt.ui,org.eclipse.jdt.apt.ui.internal,org.eclipse.jdt.apt.ui.internal,4,1
org.eclipse.jdt.apt.ui,org.eclipse.jdt.apt.ui,org.eclipse.jdt.apt.ui.internal.util,org.eclipse.jdt.apt.ui.internal,5,1
org.eclipse.jdt.apt.ui,org.eclipse.jdt.apt.ui,org.eclipse.jdt.apt.ui.internal.util,org.eclipse.jdt.apt.ui.internal.util,8,1
org.eclipse.jdt.apt.ui,org.eclipse.jdt.ui,org.eclipse.jdt.apt.ui.internal.preferences,org.eclipse.jdt.internal.ui.preferences,5,2
org.eclipse.jdt.apt.ui,org.eclipse.jdt.ui,org.eclipse.jdt.apt.ui.internal.preferences,org.eclipse.jdt.internal.ui.wizards,1,1
org.eclipse.jdt.apt.ui,org.eclipse.jdt.ui,org.eclipse.jdt.apt.ui.internal.preferences,org.eclipse.jdt.internal.ui.wizards.dialogfields,98,6
org.eclipse.jdt.apt.ui,org.eclipse.jdt.ui,org.eclipse.jdt.apt.ui.internal.preferences,org.eclipse.jdt.internal.ui.util,2,1
org.eclipse.jdt.apt.ui,org.eclipse.jdt.ui,org.eclipse.jdt.apt.ui.internal.preferences,org.eclipse.jdt.internal.ui,1,1
org.eclipse.jdt.apt.ui,org.eclipse.jdt.ui,org.eclipse.jdt.apt.ui.internal.preferences,org.eclipse.jdt.internal.ui.dialogs,4,1
org.eclipse.jdt.apt.ui,org.eclipse.jdt.ui,org.eclipse.jdt.apt.ui.internal.preferences,org.eclipse.jdt.ui.wizards,6,1
org.eclipse.jdt.astview,org.eclipse.jdt.astview,org.eclipse.jdt.astview,org.eclipse.jdt.astview,12,2
org.eclipse.jdt.astview,org.eclipse.jdt.astview,org.eclipse.jdt.astview.views,org.eclipse.jdt.astview,1,1
org.eclipse.jdt.astview,org.eclipse.jdt.astview,org.eclipse.jdt.astview.views,org.eclipse.jdt.astview.views,31,11
org.eclipse.jdt.compiler.apt,org.eclipse.jdt.compiler.apt,org.eclipse.jdt.internal.compiler.apt.dispatch,org.eclipse.jdt.internal.compiler.apt.dispatch,52,12
org.eclipse.jdt.compiler.apt,org.eclipse.jdt.compiler.apt,org.eclipse.jdt.internal.compiler.apt.dispatch,org.eclipse.jdt.internal.compiler.apt.model,17,3
org.eclipse.jdt.compiler.apt,org.eclipse.jdt.compiler.apt,org.eclipse.jdt.internal.compiler.apt.dispatch,org.eclipse.jdt.internal.compiler.apt.util,7,1
org.eclipse.jdt.compiler.apt,org.eclipse.jdt.compiler.apt,org.eclipse.jdt.internal.compiler.apt.model,org.eclipse.jdt.internal.compiler.apt.dispatch,108,1
org.eclipse.jdt.compiler.apt,org.eclipse.jdt.compiler.apt,org.eclipse.jdt.internal.compiler.apt.model,org.eclipse.jdt.internal.compiler.apt.model,184,12
org.eclipse.jdt.compiler.apt,org.eclipse.jdt.compiler.apt,org.eclipse.jdt.internal.compiler.apt.util,org.eclipse.jdt.internal.compiler.apt.util,118,9
org.eclipse.jdt.debug,org.eclipse.jdt.debug,org.eclipse.jdt.internal.debug.eval,org.eclipse.jdt.internal.debug.eval,116,2
org.eclipse.jdt.debug,org.eclipse.jdt.debug,org.eclipse.jdt.internal.debug.eval,org.eclipse.jdt.debug.eval,1,1
org.eclipse.jdt.debug,org.eclipse.jdt.debug,org.eclipse.jdt.internal.debug.eval,org.eclipse.jdt.debug.core,38,11
org.eclipse.jdt.debug,org.eclipse.jdt.debug,org.eclipse.jdt.internal.debug.eval,org.eclipse.jdt.internal.debug.core,7,2
org.eclipse.jdt.debug,org.eclipse.jdt.debug,org.eclipse.jdt.internal.debug.eval,com.sun.jdi,1,1
org.eclipse.jdt.debug,org.eclipse.jdt.debug,org.eclipse.jdt.internal.debug.eval,org.eclipse.jdt.internal.debug.core.model,1,1
org.eclipse.jdt.debug,org.eclipse.jdt.debug,org.eclipse.jdt.debug.core,org.eclipse.jdt.debug.core,5,2
org.eclipse.jdt.debug,org.eclipse.jdt.debug,org.eclipse.jdt.debug.core,org.eclipse.jdt.internal.debug.core,13,1
org.eclipse.jdt.debug,org.eclipse.jdt.debug,org.eclipse.jdt.debug.core,org.eclipse.jdt.internal.debug.core.breakpoints,2,1
org.eclipse.jdt.debug,org.eclipse.jdt.debug,org.eclipse.jdt.internal.debug.core,org.eclipse.jdt.debug.core,24,8
org.eclipse.jdt.debug,org.eclipse.jdt.debug,org.eclipse.jdt.internal.debug.core,org.eclipse.jdt.internal.debug.core,86,9
org.eclipse.jdt.debug,org.eclipse.jdt.debug,org.eclipse.jdt.internal.debug.core,com.sun.jdi,3,2
org.eclipse.jdt.debug,org.eclipse.jdt.debug,org.eclipse.jdt.internal.debug.core,org.eclipse.jdt.internal.debug.core.model,8,3
org.eclipse.jdt.debug,org.eclipse.jdt.debug,org.eclipse.jdt.internal.debug.core,org.eclipse.jdi,1,1
org.eclipse.jdt.debug,org.eclipse.jdt.debug,org.eclipse.jdt.internal.debug.core,com.sun.jdi.event,9,4
org.eclipse.jdt.debug,org.eclipse.jdt.debug,org.eclipse.jdt.internal.debug.core,org.eclipse.jdt.internal.debug.core.breakpoints,2,1
org.eclipse.jdt.debug,org.eclipse.jdt.debug,org.eclipse.jdt.internal.debug.core,org.eclipse.jdt.internal.debug.core.hcr,8,1
org.eclipse.jdt.debug,org.eclipse.jdt.debug,org.eclipse.jdt.internal.debug.core.model,org.eclipse.jdt.debug.eval,2,2
org.eclipse.jdt.debug,org.eclipse.jdt.debug,org.eclipse.jdt.internal.debug.core.model,org.eclipse.jdt.debug.core,22,9
org.eclipse.jdt.debug,org.eclipse.jdt.debug,org.eclipse.jdt.internal.debug.core.model,org.eclipse.jdt.internal.debug.core,24,3
org.eclipse.jdt.debug,org.eclipse.jdt.debug,org.eclipse.jdt.internal.debug.core.model,com.sun.jdi,314,24
org.eclipse.jdt.debug,org.eclipse.jdt.debug,org.eclipse.jdt.internal.debug.core.model,org.eclipse.jdt.internal.debug.core.model,1304,29
org.eclipse.jdt.debug,org.eclipse.jdt.debug,org.eclipse.jdt.internal.debug.core.model,org.eclipse.jdi.internal,3,2
org.eclipse.jdt.debug,org.eclipse.jdt.debug,org.eclipse.jdt.internal.debug.core.model,org.eclipse.jdi.internal.jdwp,1,1
org.eclipse.jdt.debug,org.eclipse.jdt.debug,org.eclipse.jdt.internal.debug.core.model,org.eclipse.jdi.hcr,6,4
org.eclipse.jdt.debug,org.eclipse.jdt.debug,org.eclipse.jdt.internal.debug.core.model,org.eclipse.jdi,2,1
org.eclipse.jdt.debug,org.eclipse.jdt.debug,org.eclipse.jdt.internal.debug.core.model,com.sun.jdi.event,2,2
org.eclipse.jdt.debug,org.eclipse.jdt.debug,org.eclipse.jdt.internal.debug.core.model,com.sun.jdi.request,25,4
org.eclipse.jdt.debug,org.eclipse.jdt.debug,org.eclipse.jdt.internal.debug.core.model,org.eclipse.jdt.internal.debug.core.breakpoints,13,3
org.eclipse.jdt.debug,org.eclipse.jdt.debug,org.eclipse.jdt.internal.debug.core.model,org.eclipse.jdt.internal.debug.core.logicalstructures,4,1
org.eclipse.jdt.debug,org.eclipse.jdt.debug,org.eclipse.jdt.internal.debug.eval.ast.instructions,org.eclipse.jdt.debug.core,198,11
org.eclipse.jdt.debug,org.eclipse.jdt.debug,org.eclipse.jdt.internal.debug.eval.ast.instructions,org.eclipse.jdt.internal.debug.core,22,1
org.eclipse.jdt.debug,org.eclipse.jdt.debug,org.eclipse.jdt.internal.debug.eval.ast.instructions,org.eclipse.jdt.internal.debug.core.model,5,4
org.eclipse.jdt.debug,org.eclipse.jdt.debug,org.eclipse.jdt.internal.debug.eval.ast.instructions,org.eclipse.jdt.internal.debug.eval.ast.instructions,325,8
org.eclipse.jdt.debug,org.eclipse.jdt.debug,org.eclipse.jdt.internal.debug.eval.ast.instructions,org.eclipse.jdt.internal.debug.eval.ast.engine,32,2
org.eclipse.jdt.debug,org.eclipse.jdt.debug,org.eclipse.jdt.internal.debug.eval.ast.instructions,org.eclipse.jdi.internal,1,1
org.eclipse.jdt.debug,org.eclipse.jdt.debug,org.eclipse.jdt.internal.debug.eval.ast.engine,org.eclipse.jdt.internal.debug.eval,7,1
org.eclipse.jdt.debug,org.eclipse.jdt.debug,org.eclipse.jdt.internal.debug.eval.ast.engine,org.eclipse.jdt.debug.eval,5,2
org.eclipse.jdt.debug,org.eclipse.jdt.debug,org.eclipse.jdt.internal.debug.eval.ast.engine,org.eclipse.jdt.debug.core,46,12
org.eclipse.jdt.debug,org.eclipse.jdt.debug,org.eclipse.jdt.internal.debug.eval.ast.engine,org.eclipse.jdt.internal.debug.core,16,3
org.eclipse.jdt.debug,org.eclipse.jdt.debug,org.eclipse.jdt.internal.debug.eval.ast.engine,com.sun.jdi,63,8
org.eclipse.jdt.debug,org.eclipse.jdt.debug,org.eclipse.jdt.internal.debug.eval.ast.engine,org.eclipse.jdt.internal.debug.core.model,3,2
org.eclipse.jdt.debug,org.eclipse.jdt.debug,org.eclipse.jdt.internal.debug.eval.ast.engine,org.eclipse.jdt.internal.debug.eval.ast.instructions,15,2
org.eclipse.jdt.debug,org.eclipse.jdt.debug,org.eclipse.jdt.internal.debug.eval.ast.engine,org.eclipse.jdt.internal.debug.eval.ast.engine,314,15
org.eclipse.jdt.debug,org.eclipse.jdt.debug,org.eclipse.jdt.internal.debug.eval.ast.engine,org.eclipse.jdi.internal,1,1
org.eclipse.jdt.debug,org.eclipse.jdt.debug,org.eclipse.jdi.internal,org.eclipse.jdt.debug.core,1,1
org.eclipse.jdt.debug,org.eclipse.jdt.debug,org.eclipse.jdi.internal,org.eclipse.jdt.internal.debug.core,2,2
org.eclipse.jdt.debug,org.eclipse.jdt.debug,org.eclipse.jdi.internal,com.sun.jdi,123,19
org.eclipse.jdt.debug,org.eclipse.jdt.debug,org.eclipse.jdi.internal,org.eclipse.jdi.internal,1731,40
org.eclipse.jdt.debug,org.eclipse.jdt.debug,org.eclipse.jdi.internal,org.eclipse.jdi.internal.jdwp,301,10
org.eclipse.jdt.debug,org.eclipse.jdt.debug,org.eclipse.jdi.internal,org.eclipse.jdi,4,1
org.eclipse.jdt.debug,org.eclipse.jdt.debug,org.eclipse.jdi.internal,org.eclipse.jdi.internal.connect,7,3
org.eclipse.jdt.debug,org.eclipse.jdt.debug,org.eclipse.jdi.internal,org.eclipse.jdi.internal.request,2,1
org.eclipse.jdt.debug,org.eclipse.jdt.debug,org.eclipse.jdi.internal.jdwp,org.eclipse.jdi.internal,5,1
org.eclipse.jdt.debug,org.eclipse.jdt.debug,org.eclipse.jdi.internal.jdwp,org.eclipse.jdi.internal.jdwp,27,4
org.eclipse.jdt.debug,org.eclipse.jdt.debug,org.eclipse.jdi,org.eclipse.jdt.internal.debug.core,1,1
org.eclipse.jdt.debug,org.eclipse.jdt.debug,org.eclipse.jdi.internal.connect,com.sun.jdi,1,1
org.eclipse.jdt.debug,org.eclipse.jdt.debug,org.eclipse.jdi.internal.connect,org.eclipse.jdi.internal,4,2
org.eclipse.jdt.debug,org.eclipse.jdt.debug,org.eclipse.jdi.internal.connect,org.eclipse.jdi.internal.jdwp,6,2
org.eclipse.jdt.debug,org.eclipse.jdt.debug,org.eclipse.jdi.internal.connect,com.sun.jdi.connect,22,3
org.eclipse.jdt.debug,org.eclipse.jdt.debug,org.eclipse.jdi.internal.connect,com.sun.jdi.connect.spi,5,2
org.eclipse.jdt.debug,org.eclipse.jdt.debug,org.eclipse.jdi.internal.connect,org.eclipse.jdi,1,1
org.eclipse.jdt.debug,org.eclipse.jdt.debug,org.eclipse.jdi.internal.connect,org.eclipse.jdi.internal.connect,97,15
org.eclipse.jdt.debug,org.eclipse.jdt.debug,org.eclipse.jdi.internal.event,com.sun.jdi,9,7
org.eclipse.jdt.debug,org.eclipse.jdt.debug,org.eclipse.jdi.internal.event,org.eclipse.jdi.internal,74,10
org.eclipse.jdt.debug,org.eclipse.jdt.debug,org.eclipse.jdi.internal.event,org.eclipse.jdi.internal.jdwp,1,1
org.eclipse.jdt.debug,org.eclipse.jdt.debug,org.eclipse.jdi.internal.event,org.eclipse.jdi.internal.event,40,23
org.eclipse.jdt.debug,org.eclipse.jdt.debug,org.eclipse.jdi.internal.event,org.eclipse.jdi.internal.request,5,3
org.eclipse.jdt.debug,org.eclipse.jdt.debug,org.eclipse.jdi.internal.request,com.sun.jdi,3,3
org.eclipse.jdt.debug,org.eclipse.jdt.debug,org.eclipse.jdi.internal.request,org.eclipse.jdi.internal,93,6
org.eclipse.jdt.debug,org.eclipse.jdt.debug,org.eclipse.jdi.internal.request,org.eclipse.jdi.internal.jdwp,7,2
org.eclipse.jdt.debug,org.eclipse.jdt.debug,org.eclipse.jdi.internal.request,org.eclipse.jdi.internal.event,19,1
org.eclipse.jdt.debug,org.eclipse.jdt.debug,org.eclipse.jdi.internal.request,org.eclipse.jdi.internal.request,135,5
org.eclipse.jdt.debug,org.eclipse.jdt.debug,org.eclipse.jdi.internal.request,com.sun.jdi.request,1,1
org.eclipse.jdt.debug,org.eclipse.jdt.debug,org.eclipse.jdi.internal.spy,org.eclipse.jdi.internal.spy,756,7
org.eclipse.jdt.debug,org.eclipse.jdt.debug,org.eclipse.jdt.internal.debug.core.breakpoints,org.eclipse.jdt.debug.eval,9,3
org.eclipse.jdt.debug,org.eclipse.jdt.debug,org.eclipse.jdt.internal.debug.core.breakpoints,org.eclipse.jdt.debug.core,14,5
org.eclipse.jdt.debug,org.eclipse.jdt.debug,org.eclipse.jdt.internal.debug.core.breakpoints,org.eclipse.jdt.internal.debug.core,41,2
org.eclipse.jdt.debug,org.eclipse.jdt.debug,org.eclipse.jdt.internal.debug.core.breakpoints,com.sun.jdi,52,11
org.eclipse.jdt.debug,org.eclipse.jdt.debug,org.eclipse.jdt.internal.debug.core.breakpoints,org.eclipse.jdt.internal.debug.core.model,83,6
org.eclipse.jdt.debug,org.eclipse.jdt.debug,org.eclipse.jdt.internal.debug.core.breakpoints,com.sun.jdi.event,13,6
org.eclipse.jdt.debug,org.eclipse.jdt.debug,org.eclipse.jdt.internal.debug.core.breakpoints,com.sun.jdi.request,45,7
org.eclipse.jdt.debug,org.eclipse.jdt.debug,org.eclipse.jdt.internal.debug.core.breakpoints,org.eclipse.jdt.internal.debug.core.breakpoints,490,17
org.eclipse.jdt.debug,org.eclipse.jdt.debug,org.eclipse.jdt.internal.debug.core.logicalstructures,org.eclipse.jdt.debug.eval,7,3
org.eclipse.jdt.debug,org.eclipse.jdt.debug,org.eclipse.jdt.internal.debug.core.logicalstructures,org.eclipse.jdt.debug.core,32,6
org.eclipse.jdt.debug,org.eclipse.jdt.debug,org.eclipse.jdt.internal.debug.core.logicalstructures,org.eclipse.jdt.internal.debug.core,21,2
org.eclipse.jdt.debug,org.eclipse.jdt.debug,org.eclipse.jdt.internal.debug.core.logicalstructures,org.eclipse.jdt.internal.debug.core.model,9,4
org.eclipse.jdt.debug,org.eclipse.jdt.debug,org.eclipse.jdt.internal.debug.core.logicalstructures,org.eclipse.jdt.internal.debug.core.logicalstructures,59,7
org.eclipse.jdt.debug,org.eclipse.jdt.debug,org.eclipse.jdt.internal.debug.core.hcr,org.eclipse.jdt.debug.core,9,4
org.eclipse.jdt.debug,org.eclipse.jdt.debug,org.eclipse.jdt.internal.debug.core.hcr,org.eclipse.jdt.internal.debug.core,6,2
org.eclipse.jdt.debug,org.eclipse.jdt.debug,org.eclipse.jdt.internal.debug.core.hcr,com.sun.jdi,1,1
org.eclipse.jdt.debug,org.eclipse.jdt.debug,org.eclipse.jdt.internal.debug.core.hcr,org.eclipse.jdt.internal.debug.core.model,63,4
org.eclipse.jdt.debug,org.eclipse.jdt.debug,org.eclipse.jdt.internal.debug.core.hcr,org.eclipse.jdi.hcr,1,1
org.eclipse.jdt.debug,org.eclipse.jdt.debug,org.eclipse.jdt.internal.debug.core.hcr,org.eclipse.jdt.internal.debug.core.hcr,152,5
org.eclipse.jdt.debug.ui,org.eclipse.jdt.core.manipulation,org.eclipse.jdt.internal.debug.core.refactoring,org.eclipse.jdt.core.refactoring,3,2
org.eclipse.jdt.debug.ui,org.eclipse.jdt.debug,org.eclipse.jdt.debug.ui.launchConfigurations,com.sun.jdi.connect,19,4
org.eclipse.jdt.debug.ui,org.eclipse.jdt.debug,org.eclipse.jdt.internal.debug.ui.launcher,org.eclipse.jdt.internal.debug.core,1,1
org.eclipse.jdt.debug.ui,org.eclipse.jdt.debug,org.eclipse.jdt.internal.debug.ui,org.eclipse.jdt.debug.eval,7,3
org.eclipse.jdt.debug.ui,org.eclipse.jdt.debug,org.eclipse.jdt.internal.debug.ui,org.eclipse.jdt.debug.core,153,22
org.eclipse.jdt.debug.ui,org.eclipse.jdt.debug,org.eclipse.jdt.internal.debug.ui,org.eclipse.jdt.internal.debug.core,35,3
org.eclipse.jdt.debug.ui,org.eclipse.jdt.debug,org.eclipse.jdt.internal.debug.ui,com.sun.jdi,7,3
org.eclipse.jdt.debug.ui,org.eclipse.jdt.debug,org.eclipse.jdt.internal.debug.ui,org.eclipse.jdt.internal.debug.core.model,5,2
org.eclipse.jdt.debug.ui,org.eclipse.jdt.debug,org.eclipse.jdt.internal.debug.ui,org.eclipse.jdt.internal.debug.core.breakpoints,5,3
org.eclipse.jdt.debug.ui,org.eclipse.jdt.debug,org.eclipse.jdt.internal.debug.ui,org.eclipse.jdt.internal.debug.core.logicalstructures,31,3
org.eclipse.jdt.debug.ui,org.eclipse.jdt.debug,org.eclipse.jdt.internal.debug.ui.actions,org.eclipse.jdt.debug.eval,15,2
org.eclipse.jdt.debug.ui,org.eclipse.jdt.debug,org.eclipse.jdt.internal.debug.ui.actions,org.eclipse.jdt.debug.core,102,17
org.eclipse.jdt.debug.ui,org.eclipse.jdt.debug,org.eclipse.jdt.internal.debug.ui.actions,org.eclipse.jdt.internal.debug.core,5,2
org.eclipse.jdt.debug.ui,org.eclipse.jdt.debug,org.eclipse.jdt.internal.debug.ui.actions,com.sun.jdi,6,3
org.eclipse.jdt.debug.ui,org.eclipse.jdt.debug,org.eclipse.jdt.internal.debug.ui.actions,org.eclipse.jdt.internal.debug.core.model,1,1
org.eclipse.jdt.debug.ui,org.eclipse.jdt.debug,org.eclipse.jdt.internal.debug.ui.actions,org.eclipse.jdt.internal.debug.eval.ast.engine,11,1
org.eclipse.jdt.debug.ui,org.eclipse.jdt.debug,org.eclipse.jdt.internal.debug.ui.actions,org.eclipse.jdt.internal.debug.core.breakpoints,10,1
org.eclipse.jdt.debug.ui,org.eclipse.jdt.debug,org.eclipse.jdt.internal.debug.ui.actions,org.eclipse.jdt.internal.debug.core.logicalstructures,3,3
org.eclipse.jdt.debug.ui,org.eclipse.jdt.debug,org.eclipse.jdt.internal.debug.ui.breakpoints,org.eclipse.jdt.debug.core,23,5
org.eclipse.jdt.debug.ui,org.eclipse.jdt.debug,org.eclipse.jdt.internal.debug.ui.breakpoints,org.eclipse.jdt.internal.debug.core.breakpoints,3,1
org.eclipse.jdt.debug.ui,org.eclipse.jdt.debug,org.eclipse.jdt.internal.debug.ui.snippeteditor,org.eclipse.jdt.debug.eval,12,4
org.eclipse.jdt.debug.ui,org.eclipse.jdt.debug,org.eclipse.jdt.internal.debug.ui.snippeteditor,org.eclipse.jdt.debug.core,5,4
org.eclipse.jdt.debug.ui,org.eclipse.jdt.debug,org.eclipse.jdt.internal.debug.ui.snippeteditor,org.eclipse.jdt.internal.debug.core,1,1
org.eclipse.jdt.debug.ui,org.eclipse.jdt.debug,org.eclipse.jdt.internal.debug.ui.snippeteditor,com.sun.jdi,3,3
org.eclipse.jdt.debug.ui,org.eclipse.jdt.debug,org.eclipse.jdt.internal.debug.ui.display,org.eclipse.jdt.debug.eval,6,1
org.eclipse.jdt.debug.ui,org.eclipse.jdt.debug,org.eclipse.jdt.internal.debug.ui.display,com.sun.jdi,3,3
org.eclipse.jdt.debug.ui,org.eclipse.jdt.debug,org.eclipse.jdt.debug.ui.breakpoints,org.eclipse.jdt.debug.core,9,1
org.eclipse.jdt.debug.ui,org.eclipse.jdt.debug,org.eclipse.jdt.internal.debug.ui.contentassist,org.eclipse.jdt.debug.core,7,5
org.eclipse.jdt.debug.ui,org.eclipse.jdt.debug,org.eclipse.jdt.internal.debug.ui.contentassist,org.eclipse.jdt.internal.debug.core,3,1
org.eclipse.jdt.debug.ui,org.eclipse.jdt.debug,org.eclipse.jdt.internal.debug.ui.contentassist,org.eclipse.jdt.internal.debug.eval.ast.engine,1,1
org.eclipse.jdt.debug.ui,org.eclipse.jdt.debug,org.eclipse.jdt.internal.debug.ui.monitors,org.eclipse.jdt.debug.core,13,3
org.eclipse.jdt.debug.ui,org.eclipse.jdt.debug,org.eclipse.jdt.internal.debug.ui.monitors,org.eclipse.jdt.internal.debug.core.model,3,1
org.eclipse.jdt.debug.ui,org.eclipse.jdt.debug,org.eclipse.jdt.internal.debug.ui.variables,org.eclipse.jdt.debug.core,11,6
org.eclipse.jdt.debug.ui,org.eclipse.jdt.debug,org.eclipse.jdt.internal.debug.ui.variables,org.eclipse.jdt.internal.debug.core,3,1
org.eclipse.jdt.debug.ui,org.eclipse.jdt.debug,org.eclipse.jdt.internal.debug.ui.variables,org.eclipse.jdt.internal.debug.core.model,3,2
org.eclipse.jdt.debug.ui,org.eclipse.jdt.debug,org.eclipse.jdt.debug.ui,org.eclipse.jdt.debug.core,3,2
org.eclipse.jdt.debug.ui,org.eclipse.jdt.debug,org.eclipse.jdt.internal.debug.core.refactoring,org.eclipse.jdt.debug.core,47,7
org.eclipse.jdt.debug.ui,org.eclipse.jdt.debug,org.eclipse.jdt.internal.debug.core.refactoring,org.eclipse.jdt.internal.debug.core,1,1
org.eclipse.jdt.debug.ui,org.eclipse.jdt.debug,org.eclipse.jdt.internal.debug.ui.propertypages,org.eclipse.jdt.debug.core,13,2
org.eclipse.jdt.debug.ui,org.eclipse.jdt.debug,org.eclipse.jdt.internal.debug.ui.propertypages,org.eclipse.jdt.internal.debug.core.model,1,1
org.eclipse.jdt.debug.ui,org.eclipse.jdt.debug,org.eclipse.jdt.internal.debug.ui.propertypages,org.eclipse.jdi.internal,17,1
org.eclipse.jdt.debug.ui,org.eclipse.jdt.debug,org.eclipse.jdt.internal.debug.ui.sourcelookup,org.eclipse.jdt.internal.debug.core,1,1
org.eclipse.jdt.debug.ui,org.eclipse.jdt.debug,org.eclipse.jdt.internal.debug.ui.threadgroups,org.eclipse.jdt.debug.core,28,4
org.eclipse.jdt.debug.ui,org.eclipse.jdt.debug,org.eclipse.jdt.internal.debug.ui.console,org.eclipse.jdt.debug.core,3,2
org.eclipse.jdt.debug.ui,org.eclipse.jdt.debug,org.eclipse.jdt.internal.debug.ui.console,org.eclipse.jdt.internal.debug.core,1,1
org.eclipse.jdt.debug.ui,org.eclipse.jdt.debug,org.eclipse.jdt.internal.debug.ui.heapwalking,org.eclipse.jdt.debug.core,3,3
org.eclipse.jdt.debug.ui,org.eclipse.jdt.debug,org.eclipse.jdt.internal.debug.ui.heapwalking,org.eclipse.jdt.internal.debug.core,9,2
org.eclipse.jdt.debug.ui,org.eclipse.jdt.debug,org.eclipse.jdt.internal.debug.ui.heapwalking,org.eclipse.jdt.internal.debug.core.model,3,2
org.eclipse.jdt.debug.ui,org.eclipse.jdt.debug.ui,org.eclipse.jdt.debug.ui.launchConfigurations,org.eclipse.jdt.debug.ui.launchConfigurations,138,12
org.eclipse.jdt.debug.ui,org.eclipse.jdt.debug.ui,org.eclipse.jdt.debug.ui.launchConfigurations,org.eclipse.jdt.internal.debug.ui.launcher,31,7
org.eclipse.jdt.debug.ui,org.eclipse.jdt.debug.ui,org.eclipse.jdt.debug.ui.launchConfigurations,org.eclipse.jdt.internal.debug.ui,33,2
org.eclipse.jdt.debug.ui,org.eclipse.jdt.debug.ui,org.eclipse.jdt.debug.ui.launchConfigurations,org.eclipse.jdt.internal.debug.ui.actions,3,2
org.eclipse.jdt.debug.ui,org.eclipse.jdt.debug.ui,org.eclipse.jdt.debug.ui.launchConfigurations,org.eclipse.jdt.internal.debug.ui.jres,19,1
org.eclipse.jdt.debug.ui,org.eclipse.jdt.debug.ui,org.eclipse.jdt.debug.ui.launchConfigurations,org.eclipse.jdt.internal.debug.ui.classpath,10,3
org.eclipse.jdt.debug.ui,org.eclipse.jdt.debug.ui,org.eclipse.jdt.internal.debug.ui.launcher,org.eclipse.jdt.internal.debug.ui.launcher,75,20
org.eclipse.jdt.debug.ui,org.eclipse.jdt.debug.ui,org.eclipse.jdt.internal.debug.ui.launcher,org.eclipse.jdt.internal.debug.ui,25,1
org.eclipse.jdt.debug.ui,org.eclipse.jdt.debug.ui,org.eclipse.jdt.internal.debug.ui.launcher,org.eclipse.jdt.internal.debug.ui.actions,11,2
org.eclipse.jdt.debug.ui,org.eclipse.jdt.debug.ui,org.eclipse.jdt.internal.debug.ui.launcher,org.eclipse.jdt.internal.debug.ui.classpath,2,1
org.eclipse.jdt.debug.ui,org.eclipse.jdt.debug.ui,org.eclipse.jdt.internal.debug.ui,org.eclipse.jdt.internal.debug.ui,857,42
org.eclipse.jdt.debug.ui,org.eclipse.jdt.debug.ui,org.eclipse.jdt.internal.debug.ui,org.eclipse.jdt.internal.debug.ui.actions,1,1
org.eclipse.jdt.debug.ui,org.eclipse.jdt.debug.ui,org.eclipse.jdt.internal.debug.ui,org.eclipse.jdt.internal.debug.ui.snippeteditor,5,2
org.eclipse.jdt.debug.ui,org.eclipse.jdt.debug.ui,org.eclipse.jdt.internal.debug.ui,org.eclipse.jdt.internal.debug.ui.display,3,2
org.eclipse.jdt.debug.ui,org.eclipse.jdt.debug.ui,org.eclipse.jdt.internal.debug.ui,org.eclipse.jdt.internal.debug.ui.contentassist,4,1
org.eclipse.jdt.debug.ui,org.eclipse.jdt.debug.ui,org.eclipse.jdt.internal.debug.ui,org.eclipse.jdt.internal.debug.ui.monitors,30,7
org.eclipse.jdt.debug.ui,org.eclipse.jdt.debug.ui,org.eclipse.jdt.internal.debug.ui.actions,org.eclipse.jdt.debug.ui.launchConfigurations,1,1
org.eclipse.jdt.debug.ui,org.eclipse.jdt.debug.ui,org.eclipse.jdt.internal.debug.ui.actions,org.eclipse.jdt.internal.debug.ui.launcher,21,1
org.eclipse.jdt.debug.ui,org.eclipse.jdt.debug.ui,org.eclipse.jdt.internal.debug.ui.actions,org.eclipse.jdt.internal.debug.ui,138,10
org.eclipse.jdt.debug.ui,org.eclipse.jdt.debug.ui,org.eclipse.jdt.internal.debug.ui.actions,org.eclipse.jdt.internal.debug.ui.actions,495,44
org.eclipse.jdt.debug.ui,org.eclipse.jdt.debug.ui,org.eclipse.jdt.internal.debug.ui.actions,org.eclipse.jdt.internal.debug.ui.classpath,5,3
org.eclipse.jdt.debug.ui,org.eclipse.jdt.debug.ui,org.eclipse.jdt.internal.debug.ui.actions,org.eclipse.jdt.internal.debug.ui.snippeteditor,7,1
org.eclipse.jdt.debug.ui,org.eclipse.jdt.debug.ui,org.eclipse.jdt.internal.debug.ui.actions,org.eclipse.jdt.internal.debug.ui.display,8,2
org.eclipse.jdt.debug.ui,org.eclipse.jdt.debug.ui,org.eclipse.jdt.internal.debug.ui.actions,org.eclipse.jdt.internal.debug.ui.console,2,2
org.eclipse.jdt.debug.ui,org.eclipse.jdt.debug.ui,org.eclipse.jdt.internal.debug.ui.jres,org.eclipse.jdt.debug.ui.launchConfigurations,12,1
org.eclipse.jdt.debug.ui,org.eclipse.jdt.debug.ui,org.eclipse.jdt.internal.debug.ui.jres,org.eclipse.jdt.internal.debug.ui,23,3
org.eclipse.jdt.debug.ui,org.eclipse.jdt.debug.ui,org.eclipse.jdt.internal.debug.ui.jres,org.eclipse.jdt.internal.debug.ui.actions,2,1
org.eclipse.jdt.debug.ui,org.eclipse.jdt.debug.ui,org.eclipse.jdt.internal.debug.ui.jres,org.eclipse.jdt.internal.debug.ui.jres,234,22
org.eclipse.jdt.debug.ui,org.eclipse.jdt.debug.ui,org.eclipse.jdt.internal.debug.ui.classpath,org.eclipse.jdt.debug.ui.launchConfigurations,2,1
org.eclipse.jdt.debug.ui,org.eclipse.jdt.debug.ui,org.eclipse.jdt.internal.debug.ui.classpath,org.eclipse.jdt.internal.debug.ui.launcher,5,2
org.eclipse.jdt.debug.ui,org.eclipse.jdt.debug.ui,org.eclipse.jdt.internal.debug.ui.classpath,org.eclipse.jdt.internal.debug.ui.classpath,103,8
org.eclipse.jdt.debug.ui,org.eclipse.jdt.debug.ui,org.eclipse.jdt.internal.debug.ui.breakpoints,org.eclipse.jdt.internal.debug.ui,30,4
org.eclipse.jdt.debug.ui,org.eclipse.jdt.debug.ui,org.eclipse.jdt.internal.debug.ui.breakpoints,org.eclipse.jdt.internal.debug.ui.breakpoints,72,9
org.eclipse.jdt.debug.ui,org.eclipse.jdt.debug.ui,org.eclipse.jdt.internal.debug.ui.snippeteditor,org.eclipse.jdt.debug.ui.launchConfigurations,7,1
org.eclipse.jdt.debug.ui,org.eclipse.jdt.debug.ui,org.eclipse.jdt.internal.debug.ui.snippeteditor,org.eclipse.jdt.internal.debug.ui.launcher,5,1
org.eclipse.jdt.debug.ui,org.eclipse.jdt.debug.ui,org.eclipse.jdt.internal.debug.ui.snippeteditor,org.eclipse.jdt.internal.debug.ui,70,7
org.eclipse.jdt.debug.ui,org.eclipse.jdt.debug.ui,org.eclipse.jdt.internal.debug.ui.snippeteditor,org.eclipse.jdt.internal.debug.ui.actions,2,1
org.eclipse.jdt.debug.ui,org.eclipse.jdt.debug.ui,org.eclipse.jdt.internal.debug.ui.snippeteditor,org.eclipse.jdt.internal.debug.ui.snippeteditor,292,18
org.eclipse.jdt.debug.ui,org.eclipse.jdt.debug.ui,org.eclipse.jdt.internal.debug.ui.display,org.eclipse.jdt.internal.debug.ui,12,4
org.eclipse.jdt.debug.ui,org.eclipse.jdt.debug.ui,org.eclipse.jdt.internal.debug.ui.display,org.eclipse.jdt.internal.debug.ui.display,29,5
org.eclipse.jdt.debug.ui,org.eclipse.jdt.debug.ui,org.eclipse.jdt.debug.ui.breakpoints,org.eclipse.jdt.internal.debug.ui,9,3
org.eclipse.jdt.debug.ui,org.eclipse.jdt.debug.ui,org.eclipse.jdt.debug.ui.breakpoints,org.eclipse.jdt.internal.debug.ui.breakpoints,7,1
org.eclipse.jdt.debug.ui,org.eclipse.jdt.debug.ui,org.eclipse.jdt.debug.ui.breakpoints,org.eclipse.jdt.debug.ui.breakpoints,27,1
org.eclipse.jdt.debug.ui,org.eclipse.jdt.debug.ui,org.eclipse.jdt.internal.debug.ui.contentassist,org.eclipse.jdt.internal.debug.ui,2,1
org.eclipse.jdt.debug.ui,org.eclipse.jdt.debug.ui,org.eclipse.jdt.internal.debug.ui.contentassist,org.eclipse.jdt.internal.debug.ui.contentassist,27,6
org.eclipse.jdt.debug.ui,org.eclipse.jdt.debug.ui,org.eclipse.jdt.internal.debug.ui.monitors,org.eclipse.jdt.internal.debug.ui,2,2
org.eclipse.jdt.debug.ui,org.eclipse.jdt.debug.ui,org.eclipse.jdt.internal.debug.ui.monitors,org.eclipse.jdt.internal.debug.ui.monitors,154,10
org.eclipse.jdt.debug.ui,org.eclipse.jdt.debug.ui,org.eclipse.jdt.internal.debug.ui.monitors,org.eclipse.jdt.debug.ui,2,1
org.eclipse.jdt.debug.ui,org.eclipse.jdt.debug.ui,org.eclipse.jdt.internal.debug.ui.variables,org.eclipse.jdt.internal.debug.ui,9,2
org.eclipse.jdt.debug.ui,org.eclipse.jdt.debug.ui,org.eclipse.jdt.internal.debug.ui.variables,org.eclipse.jdt.internal.debug.ui.variables,22,6
org.eclipse.jdt.debug.ui,org.eclipse.jdt.debug.ui,org.eclipse.jdt.debug.ui,org.eclipse.jdt.internal.debug.ui.launcher,3,1
org.eclipse.jdt.debug.ui,org.eclipse.jdt.debug.ui,org.eclipse.jdt.debug.ui,org.eclipse.jdt.internal.debug.ui,5,1
org.eclipse.jdt.debug.ui,org.eclipse.jdt.debug.ui,org.eclipse.jdt.debug.ui,org.eclipse.jdt.internal.debug.ui.monitors,4,1
org.eclipse.jdt.debug.ui,org.eclipse.jdt.debug.ui,org.eclipse.jdt.debug.ui,org.eclipse.jdt.debug.ui,6,1
org.eclipse.jdt.debug.ui,org.eclipse.jdt.debug.ui,org.eclipse.jdt.internal.debug.ui.search,org.eclipse.jdt.internal.debug.ui,2,1
org.eclipse.jdt.debug.ui,org.eclipse.jdt.debug.ui,org.eclipse.jdt.internal.debug.ui.search,org.eclipse.jdt.internal.debug.ui.search,6,1
org.eclipse.jdt.debug.ui,org.eclipse.jdt.debug.ui,org.eclipse.jdt.internal.debug.core.refactoring,org.eclipse.jdt.internal.debug.ui,27,2
org.eclipse.jdt.debug.ui,org.eclipse.jdt.debug.ui,org.eclipse.jdt.internal.debug.core.refactoring,org.eclipse.jdt.internal.debug.core.refactoring,142,14
org.eclipse.jdt.debug.ui,org.eclipse.jdt.debug.ui,org.eclipse.jdt.internal.debug.ui.propertypages,org.eclipse.jdt.internal.debug.ui,34,4
org.eclipse.jdt.debug.ui,org.eclipse.jdt.debug.ui,org.eclipse.jdt.internal.debug.ui.propertypages,org.eclipse.jdt.internal.debug.ui.breakpoints,5,1
org.eclipse.jdt.debug.ui,org.eclipse.jdt.debug.ui,org.eclipse.jdt.internal.debug.ui.propertypages,org.eclipse.jdt.internal.debug.ui.propertypages,98,11
org.eclipse.jdt.debug.ui,org.eclipse.jdt.debug.ui,org.eclipse.jdt.internal.debug.ui.sourcelookup,org.eclipse.jdt.internal.debug.ui,3,1
org.eclipse.jdt.debug.ui,org.eclipse.jdt.debug.ui,org.eclipse.jdt.internal.debug.ui.sourcelookup,org.eclipse.jdt.internal.debug.ui.actions,2,1
org.eclipse.jdt.debug.ui,org.eclipse.jdt.debug.ui,org.eclipse.jdt.internal.debug.ui.sourcelookup,org.eclipse.jdt.internal.debug.ui.sourcelookup,8,3
org.eclipse.jdt.debug.ui,org.eclipse.jdt.debug.ui,org.eclipse.jdt.internal.debug.ui.threadgroups,org.eclipse.jdt.internal.debug.ui,4,2
org.eclipse.jdt.debug.ui,org.eclipse.jdt.debug.ui,org.eclipse.jdt.internal.debug.ui.threadgroups,org.eclipse.jdt.internal.debug.ui.monitors,6,1
org.eclipse.jdt.debug.ui,org.eclipse.jdt.debug.ui,org.eclipse.jdt.internal.debug.ui.threadgroups,org.eclipse.jdt.internal.debug.ui.threadgroups,9,3
org.eclipse.jdt.debug.ui,org.eclipse.jdt.debug.ui,org.eclipse.jdt.internal.debug.ui.console,org.eclipse.jdt.internal.debug.ui,19,3
org.eclipse.jdt.debug.ui,org.eclipse.jdt.debug.ui,org.eclipse.jdt.internal.debug.ui.console,org.eclipse.jdt.internal.debug.ui.actions,2,1
org.eclipse.jdt.debug.ui,org.eclipse.jdt.debug.ui,org.eclipse.jdt.internal.debug.ui.console,org.eclipse.jdt.internal.debug.ui.breakpoints,1,1
org.eclipse.jdt.debug.ui,org.eclipse.jdt.debug.ui,org.eclipse.jdt.internal.debug.ui.console,org.eclipse.jdt.internal.debug.ui.console,21,7
org.eclipse.jdt.debug.ui,org.eclipse.jdt.debug.ui,org.eclipse.jdt.internal.debug.ui.heapwalking,org.eclipse.jdt.internal.debug.ui,13,3
org.eclipse.jdt.debug.ui,org.eclipse.jdt.debug.ui,org.eclipse.jdt.internal.debug.ui.heapwalking,org.eclipse.jdt.internal.debug.ui.actions,6,1
org.eclipse.jdt.debug.ui,org.eclipse.jdt.debug.ui,org.eclipse.jdt.internal.debug.ui.heapwalking,org.eclipse.jdt.internal.debug.ui.heapwalking,35,4
org.eclipse.jdt.debug.ui,org.eclipse.jdt.debug.ui,org.eclipse.jdt.internal.debug.ui.snippeteditor,org.eclipse.jdt.internal.debug.ui.snippeteditor,2,1
org.eclipse.jdt.debug.ui,org.eclipse.jdt.launching,org.eclipse.jdt.debug.ui.launchConfigurations,org.eclipse.jdt.launching,33,6
org.eclipse.jdt.debug.ui,org.eclipse.jdt.launching,org.eclipse.jdt.internal.debug.ui.launcher,org.eclipse.jdt.launching,32,5
org.eclipse.jdt.debug.ui,org.eclipse.jdt.launching,org.eclipse.jdt.internal.debug.ui.launcher,org.eclipse.jdt.launching.environments,2,2
org.eclipse.jdt.debug.ui,org.eclipse.jdt.launching,org.eclipse.jdt.internal.debug.ui.launcher,org.eclipse.jdt.internal.launching,2,2
org.eclipse.jdt.debug.ui,org.eclipse.jdt.launching,org.eclipse.jdt.internal.debug.ui,org.eclipse.jdt.launching.sourcelookup,4,3
org.eclipse.jdt.debug.ui,org.eclipse.jdt.launching,org.eclipse.jdt.internal.debug.ui.actions,org.eclipse.jdt.launching,24,2
org.eclipse.jdt.debug.ui,org.eclipse.jdt.launching,org.eclipse.jdt.internal.debug.ui.jres,org.eclipse.jdt.launching,136,8
org.eclipse.jdt.debug.ui,org.eclipse.jdt.launching,org.eclipse.jdt.internal.debug.ui.jres,org.eclipse.jdt.launching.environments,16,3
org.eclipse.jdt.debug.ui,org.eclipse.jdt.launching,org.eclipse.jdt.internal.debug.ui.jres,org.eclipse.jdt.internal.launching,4,1
org.eclipse.jdt.debug.ui,org.eclipse.jdt.launching,org.eclipse.jdt.internal.debug.ui.classpath,org.eclipse.jdt.launching,21,2
org.eclipse.jdt.debug.ui,org.eclipse.jdt.launching,org.eclipse.jdt.internal.debug.ui.classpath,org.eclipse.jdt.internal.launching,3,2
org.eclipse.jdt.debug.ui,org.eclipse.jdt.launching,org.eclipse.jdt.internal.debug.ui.snippeteditor,org.eclipse.jdt.launching,11,3
org.eclipse.jdt.debug.ui,org.eclipse.jdt.launching,org.eclipse.jdt.internal.debug.ui.snippeteditor,org.eclipse.jdt.internal.launching,1,1
org.eclipse.jdt.debug.ui,org.eclipse.jdt.launching,org.eclipse.jdt.debug.ui,org.eclipse.jdt.launching,1,1
org.eclipse.jdt.debug.ui,org.eclipse.jdt.launching,org.eclipse.jdt.debug.ui,org.eclipse.jdt.launching.sourcelookup,11,1
org.eclipse.jdt.debug.ui,org.eclipse.jdt.launching,org.eclipse.jdt.internal.debug.core.refactoring,org.eclipse.jdt.internal.launching,1,1
org.eclipse.jdt.debug.ui,org.eclipse.jdt.launching,org.eclipse.jdt.internal.debug.ui.sourcelookup,org.eclipse.jdt.launching,1,1
org.eclipse.jdt.debug.ui,org.eclipse.jdt.launching,org.eclipse.jdt.internal.debug.ui.sourcelookup,org.eclipse.jdt.launching.sourcelookup.containers,7,4
org.eclipse.jdt.debug.ui,org.eclipse.jdt.ui,org.eclipse.jdt.debug.ui.launchConfigurations,org.eclipse.jdt.ui,6,2
org.eclipse.jdt.debug.ui,org.eclipse.jdt.ui,org.eclipse.jdt.internal.debug.ui.launcher,org.eclipse.jdt.ui.wizards,1,1
org.eclipse.jdt.debug.ui,org.eclipse.jdt.ui,org.eclipse.jdt.internal.debug.ui.launcher,org.eclipse.jdt.ui,15,3
org.eclipse.jdt.debug.ui,org.eclipse.jdt.ui,org.eclipse.jdt.internal.debug.ui,org.eclipse.jdt.internal.ui,2,1
org.eclipse.jdt.debug.ui,org.eclipse.jdt.ui,org.eclipse.jdt.internal.debug.ui,org.eclipse.jdt.ui,34,5
org.eclipse.jdt.debug.ui,org.eclipse.jdt.ui,org.eclipse.jdt.internal.debug.ui,org.eclipse.jdt.ui.text,8,2
org.eclipse.jdt.debug.ui,org.eclipse.jdt.ui,org.eclipse.jdt.internal.debug.ui,org.eclipse.jdt.internal.ui.javaeditor,2,2
org.eclipse.jdt.debug.ui,org.eclipse.jdt.ui,org.eclipse.jdt.internal.debug.ui,org.eclipse.jdt.internal.ui.viewsupport,1,1
org.eclipse.jdt.debug.ui,org.eclipse.jdt.ui,org.eclipse.jdt.internal.debug.ui.actions,org.eclipse.jdt.internal.ui.util,1,1
org.eclipse.jdt.debug.ui,org.eclipse.jdt.ui,org.eclipse.jdt.internal.debug.ui.actions,org.eclipse.jdt.ui.wizards,4,1
org.eclipse.jdt.debug.ui,org.eclipse.jdt.ui,org.eclipse.jdt.internal.debug.ui.actions,org.eclipse.jdt.ui,11,3
org.eclipse.jdt.debug.ui,org.eclipse.jdt.ui,org.eclipse.jdt.internal.debug.ui.actions,org.eclipse.jdt.ui.text,1,1
org.eclipse.jdt.debug.ui,org.eclipse.jdt.ui,org.eclipse.jdt.internal.debug.ui.jres,org.eclipse.jdt.ui.wizards,2,1
org.eclipse.jdt.debug.ui,org.eclipse.jdt.ui,org.eclipse.jdt.internal.debug.ui.jres,org.eclipse.jdt.ui,10,2
org.eclipse.jdt.debug.ui,org.eclipse.jdt.ui,org.eclipse.jdt.internal.debug.ui.classpath,org.eclipse.jdt.ui,2,2
org.eclipse.jdt.debug.ui,org.eclipse.jdt.ui,org.eclipse.jdt.internal.debug.ui.breakpoints,org.eclipse.jdt.ui,2,1
org.eclipse.jdt.debug.ui,org.eclipse.jdt.ui,org.eclipse.jdt.internal.debug.ui.snippeteditor,org.eclipse.jdt.internal.ui,2,1
org.eclipse.jdt.debug.ui,org.eclipse.jdt.ui,org.eclipse.jdt.internal.debug.ui.snippeteditor,org.eclipse.jdt.ui,4,3
org.eclipse.jdt.debug.ui,org.eclipse.jdt.ui,org.eclipse.jdt.internal.debug.ui.snippeteditor,org.eclipse.jdt.ui.actions,4,3
org.eclipse.jdt.debug.ui,org.eclipse.jdt.ui,org.eclipse.jdt.internal.debug.ui.snippeteditor,org.eclipse.jdt.ui.text,9,2
org.eclipse.jdt.debug.ui,org.eclipse.jdt.ui,org.eclipse.jdt.internal.debug.ui.snippeteditor,org.eclipse.jdt.internal.ui.packageview,3,1
org.eclipse.jdt.debug.ui,org.eclipse.jdt.ui,org.eclipse.jdt.internal.debug.ui.snippeteditor,org.eclipse.jdt.ui.text.java,3,2
org.eclipse.jdt.debug.ui,org.eclipse.jdt.ui,org.eclipse.jdt.internal.debug.ui.snippeteditor,org.eclipse.jdt.internal.ui.text.template.contentassist,3,1
org.eclipse.jdt.debug.ui,org.eclipse.jdt.ui,org.eclipse.jdt.internal.debug.ui.display,org.eclipse.jdt.ui,1,1
org.eclipse.jdt.debug.ui,org.eclipse.jdt.ui,org.eclipse.jdt.internal.debug.ui.display,org.eclipse.jdt.ui.text,4,2
org.eclipse.jdt.debug.ui,org.eclipse.jdt.ui,org.eclipse.jdt.debug.ui.breakpoints,org.eclipse.jdt.ui.text,1,1
org.eclipse.jdt.debug.ui,org.eclipse.jdt.ui,org.eclipse.jdt.internal.debug.ui.contentassist,org.eclipse.jdt.internal.ui,4,1
org.eclipse.jdt.debug.ui,org.eclipse.jdt.ui,org.eclipse.jdt.internal.debug.ui.contentassist,org.eclipse.jdt.ui.text.java,6,2
org.eclipse.jdt.debug.ui,org.eclipse.jdt.ui,org.eclipse.jdt.internal.debug.ui.contentassist,org.eclipse.jdt.internal.ui.text.template.contentassist,6,1
org.eclipse.jdt.debug.ui,org.eclipse.jdt.ui,org.eclipse.jdt.internal.debug.ui.search,org.eclipse.jdt.ui.search,8,4
org.eclipse.jdt.debug.ui,org.eclipse.jdt.ui,org.eclipse.jdt.internal.debug.ui.propertypages,org.eclipse.jdt.ui,2,2
org.eclipse.jdt.debug.ui,org.eclipse.jdt.ui,org.eclipse.jdt.internal.debug.ui.sourcelookup,org.eclipse.jdt.ui.wizards,4,1
org.eclipse.jdt.debug.ui,org.eclipse.jdt.ui,org.eclipse.jdt.internal.debug.ui.sourcelookup,org.eclipse.jdt.ui,2,2
org.eclipse.jdt.debug.ui,org.eclipse.jdt.ui,org.eclipse.jdt.internal.debug.ui.heapwalking,org.eclipse.jdt.ui,1,1
org.eclipse.jdt.debug.ui,org.eclipse.ltk.core.refactoring,org.eclipse.jdt.internal.debug.core.refactoring,org.eclipse.ltk.core.refactoring.participants,22,5
org.eclipse.jdt.jeview,org.eclipse.jdt.jeview,org.eclipse.jdt.jeview.properties,org.eclipse.jdt.jeview.properties,112,7
org.eclipse.jdt.jeview,org.eclipse.jdt.jeview,org.eclipse.jdt.jeview.properties,org.eclipse.jdt.jeview,2,1
org.eclipse.jdt.jeview,org.eclipse.jdt.jeview,org.eclipse.jdt.jeview,org.eclipse.jdt.jeview,15,2
org.eclipse.jdt.jeview,org.eclipse.jdt.jeview,org.eclipse.jdt.jeview.views,org.eclipse.jdt.jeview,5,1
org.eclipse.jdt.jeview,org.eclipse.jdt.jeview,org.eclipse.jdt.jeview.views,org.eclipse.jdt.jeview.views,111,14
org.eclipse.jdt.jeview,org.eclipse.jdt.ui,org.eclipse.jdt.jeview,org.eclipse.jdt.ui,2,2
org.eclipse.jdt.jeview,org.eclipse.jdt.ui,org.eclipse.jdt.jeview.views,org.eclipse.jdt.ui,7,2
org.eclipse.jdt.junit,org.eclipse.jdt.junit,org.eclipse.jdt.internal.junit.launcher,org.eclipse.jdt.internal.junit.launcher,6,2
org.eclipse.jdt.junit,org.eclipse.jdt.junit,org.eclipse.jdt.internal.junit.wizards,org.eclipse.jdt.internal.junit.wizards,62,10
org.eclipse.jdt.junit,org.eclipse.jdt.junit,org.eclipse.jdt.internal.junit.wizards,org.eclipse.jdt.internal.junit.util,10,5
org.eclipse.jdt.junit,org.eclipse.jdt.junit,org.eclipse.jdt.internal.junit.wizards,org.eclipse.jdt.internal.junit.ui,10,1
org.eclipse.jdt.junit,org.eclipse.jdt.junit,org.eclipse.jdt.internal.junit.wizards,org.eclipse.jdt.junit.wizards,4,2
org.eclipse.jdt.junit,org.eclipse.jdt.junit,org.eclipse.jdt.internal.junit.util,org.eclipse.jdt.internal.junit.util,27,6
org.eclipse.jdt.junit,org.eclipse.jdt.junit,org.eclipse.jdt.internal.junit.util,org.eclipse.jdt.internal.junit.ui,4,1
org.eclipse.jdt.junit,org.eclipse.jdt.junit,org.eclipse.jdt.internal.junit.ui,org.eclipse.jdt.internal.junit.launcher,2,1
org.eclipse.jdt.junit,org.eclipse.jdt.junit,org.eclipse.jdt.internal.junit.ui,org.eclipse.jdt.internal.junit.util,7,3
org.eclipse.jdt.junit,org.eclipse.jdt.junit,org.eclipse.jdt.internal.junit.ui,org.eclipse.jdt.internal.junit.ui,464,40
org.eclipse.jdt.junit,org.eclipse.jdt.junit,org.eclipse.jdt.junit.wizards,org.eclipse.jdt.internal.junit.wizards,32,3
org.eclipse.jdt.junit,org.eclipse.jdt.junit,org.eclipse.jdt.junit.wizards,org.eclipse.jdt.internal.junit.util,40,3
org.eclipse.jdt.junit,org.eclipse.jdt.junit,org.eclipse.jdt.junit.wizards,org.eclipse.jdt.internal.junit.ui,6,1
org.eclipse.jdt.junit,org.eclipse.jdt.junit,org.eclipse.jdt.junit.wizards,org.eclipse.jdt.junit.wizards,132,4
org.eclipse.jdt.junit,org.eclipse.jdt.junit,org.eclipse.jdt.junit.launcher,org.eclipse.jdt.internal.junit.launcher,1,1
org.eclipse.jdt.junit,org.eclipse.jdt.junit,org.eclipse.jdt.junit.launcher,org.eclipse.jdt.internal.junit.util,7,4
org.eclipse.jdt.junit,org.eclipse.jdt.junit,org.eclipse.jdt.junit.launcher,org.eclipse.jdt.internal.junit.ui,8,1
org.eclipse.jdt.junit,org.eclipse.jdt.junit,org.eclipse.jdt.junit.launcher,org.eclipse.jdt.junit.launcher,105,2
org.eclipse.jdt.junit,org.eclipse.jdt.junit,org.eclipse.jdt.internal.junit.refactoring,org.eclipse.jdt.internal.junit.ui,2,1
org.eclipse.jdt.junit,org.eclipse.jdt.junit,org.eclipse.jdt.internal.junit.refactoring,org.eclipse.jdt.internal.junit.refactoring,41,7
org.eclipse.jdt.junit,org.eclipse.jdt.junit,org.eclipse.jdt.internal.junit.buildpath,org.eclipse.jdt.internal.junit.util,4,3
org.eclipse.jdt.junit,org.eclipse.jdt.junit,org.eclipse.jdt.internal.junit.buildpath,org.eclipse.jdt.internal.junit.ui,1,1
org.eclipse.jdt.junit,org.eclipse.jdt.junit,org.eclipse.jdt.internal.junit.buildpath,org.eclipse.jdt.internal.junit.buildpath,6,2
org.eclipse.jdt.junit,org.eclipse.jdt.junit.core,org.eclipse.jdt.internal.junit.wizards,org.eclipse.jdt.internal.junit,6,2
org.eclipse.jdt.junit,org.eclipse.jdt.junit.core,org.eclipse.jdt.internal.junit.wizards,org.eclipse.jdt.internal.junit.launcher,2,2
org.eclipse.jdt.junit,org.eclipse.jdt.junit.core,org.eclipse.jdt.internal.junit.util,org.eclipse.jdt.internal.junit,4,2
org.eclipse.jdt.junit,org.eclipse.jdt.junit.core,org.eclipse.jdt.internal.junit.util,org.eclipse.jdt.internal.junit.util,2,1
org.eclipse.jdt.junit,org.eclipse.jdt.junit.core,org.eclipse.jdt.internal.junit.ui,org.eclipse.jdt.internal.junit,56,4
org.eclipse.jdt.junit,org.eclipse.jdt.junit.core,org.eclipse.jdt.internal.junit.ui,org.eclipse.jdt.internal.junit.launcher,2,1
org.eclipse.jdt.junit,org.eclipse.jdt.junit.core,org.eclipse.jdt.internal.junit.ui,org.eclipse.jdt.internal.junit.buildpath,4,1
org.eclipse.jdt.junit,org.eclipse.jdt.junit.core,org.eclipse.jdt.internal.junit.ui,org.eclipse.jdt.internal.junit.model,141,6
org.eclipse.jdt.junit,org.eclipse.jdt.junit.core,org.eclipse.jdt.internal.junit.ui,org.eclipse.jdt.junit.model,8,3
org.eclipse.jdt.junit,org.eclipse.jdt.junit.core,org.eclipse.jdt.junit.wizards,org.eclipse.jdt.internal.junit,12,2
org.eclipse.jdt.junit,org.eclipse.jdt.junit.core,org.eclipse.jdt.junit.wizards,org.eclipse.jdt.internal.junit.util,6,1
org.eclipse.jdt.junit,org.eclipse.jdt.junit.core,org.eclipse.jdt.junit.wizards,org.eclipse.jdt.internal.junit.buildpath,2,1
org.eclipse.jdt.junit,org.eclipse.jdt.junit.core,org.eclipse.jdt.junit.launcher,org.eclipse.jdt.internal.junit,5,2
org.eclipse.jdt.junit,org.eclipse.jdt.junit.core,org.eclipse.jdt.junit.launcher,org.eclipse.jdt.internal.junit.launcher,17,5
org.eclipse.jdt.junit,org.eclipse.jdt.junit.core,org.eclipse.jdt.junit.launcher,org.eclipse.jdt.internal.junit.util,2,1
org.eclipse.jdt.junit,org.eclipse.jdt.junit.core,org.eclipse.jdt.internal.junit.refactoring,org.eclipse.jdt.internal.junit,4,2
org.eclipse.jdt.junit,org.eclipse.jdt.junit.core,org.eclipse.jdt.internal.junit.refactoring,org.eclipse.jdt.internal.junit.util,1,1
org.eclipse.jdt.junit,org.eclipse.jdt.junit.core,org.eclipse.jdt.internal.junit.buildpath,org.eclipse.jdt.internal.junit,2,1
org.eclipse.jdt.junit,org.eclipse.jdt.junit.core,org.eclipse.jdt.internal.junit.buildpath,org.eclipse.jdt.internal.junit.buildpath,3,1
org.eclipse.jdt.junit,org.eclipse.jdt.launching,org.eclipse.jdt.junit.launcher,org.eclipse.jdt.launching,2,2
org.eclipse.jdt.junit,org.eclipse.jdt.ui,org.eclipse.jdt.internal.junit.launcher,org.eclipse.jdt.ui,3,1
org.eclipse.jdt.junit,org.eclipse.jdt.ui,org.eclipse.jdt.internal.junit.wizards,org.eclipse.jdt.ui.wizards,8,2
org.eclipse.jdt.junit,org.eclipse.jdt.ui,org.eclipse.jdt.internal.junit.wizards,org.eclipse.jdt.internal.ui.javaeditor,1,1
org.eclipse.jdt.junit,org.eclipse.jdt.ui,org.eclipse.jdt.internal.junit.wizards,org.eclipse.jdt.ui.text.java,3,2
org.eclipse.jdt.junit,org.eclipse.jdt.ui,org.eclipse.jdt.internal.junit.util,org.eclipse.jdt.ui.wizards,1,1
org.eclipse.jdt.junit,org.eclipse.jdt.ui,org.eclipse.jdt.internal.junit.util,org.eclipse.jdt.ui,5,2
org.eclipse.jdt.junit,org.eclipse.jdt.ui,org.eclipse.jdt.internal.junit.util,org.eclipse.jdt.internal.corext.util,1,1
org.eclipse.jdt.junit,org.eclipse.jdt.ui,org.eclipse.jdt.internal.junit.ui,org.eclipse.jdt.internal.ui.util,7,2
org.eclipse.jdt.junit,org.eclipse.jdt.ui,org.eclipse.jdt.internal.junit.ui,org.eclipse.jdt.internal.ui,1,1
org.eclipse.jdt.junit,org.eclipse.jdt.ui,org.eclipse.jdt.internal.junit.ui,org.eclipse.jdt.ui,15,4
org.eclipse.jdt.junit,org.eclipse.jdt.ui,org.eclipse.jdt.internal.junit.ui,org.eclipse.jdt.ui.text.java,24,4
org.eclipse.jdt.junit,org.eclipse.jdt.ui,org.eclipse.jdt.internal.junit.ui,org.eclipse.jdt.internal.ui.viewsupport,7,2
org.eclipse.jdt.junit,org.eclipse.jdt.ui,org.eclipse.jdt.internal.junit.ui,org.eclipse.jdt.internal.corext.util,1,1
org.eclipse.jdt.junit,org.eclipse.jdt.ui,org.eclipse.jdt.internal.junit.ui,org.eclipse.jdt.internal.ui.actions,2,1
org.eclipse.jdt.junit,org.eclipse.jdt.ui,org.eclipse.jdt.junit.wizards,org.eclipse.jdt.ui.wizards,69,4
org.eclipse.jdt.junit,org.eclipse.jdt.ui,org.eclipse.jdt.junit.wizards,org.eclipse.jdt.ui,3,3
org.eclipse.jdt.junit,org.eclipse.jdt.ui,org.eclipse.jdt.junit.wizards,org.eclipse.jdt.internal.ui.refactoring.contentassist,2,2
org.eclipse.jdt.junit,org.eclipse.jdt.ui,org.eclipse.jdt.junit.wizards,org.eclipse.jdt.internal.corext.util,2,1
org.eclipse.jdt.junit,org.eclipse.jdt.ui,org.eclipse.jdt.junit.wizards,org.eclipse.jdt.internal.corext.codemanipulation,1,1
org.eclipse.jdt.junit,org.eclipse.jdt.ui,org.eclipse.jdt.junit.launcher,org.eclipse.jdt.ui,5,2
org.eclipse.jdt.junit,org.eclipse.jdt.ui,org.eclipse.jdt.junit.launcher,org.eclipse.jdt.internal.ui.actions,1,1
org.eclipse.jdt.junit,org.eclipse.jdt.ui,org.eclipse.jdt.internal.junit.buildpath,org.eclipse.jdt.ui.wizards,1,1
org.eclipse.jdt.junit,org.eclipse.ltk.core.refactoring,org.eclipse.jdt.internal.junit.refactoring,org.eclipse.ltk.core.refactoring.participants,6,2
org.eclipse.jdt.junit.core,org.eclipse.jdt.junit.core,org.eclipse.jdt.internal.junit,org.eclipse.jdt.internal.junit,26,4
org.eclipse.jdt.junit.core,org.eclipse.jdt.junit.core,org.eclipse.jdt.internal.junit,org.eclipse.jdt.internal.junit.util,1,1
org.eclipse.jdt.junit.core,org.eclipse.jdt.junit.core,org.eclipse.jdt.internal.junit,org.eclipse.jdt.internal.junit.model,2,1
org.eclipse.jdt.junit.core,org.eclipse.jdt.junit.core,org.eclipse.jdt.internal.junit.launcher,org.eclipse.jdt.internal.junit,1,1
org.eclipse.jdt.junit.core,org.eclipse.jdt.junit.core,org.eclipse.jdt.internal.junit.launcher,org.eclipse.jdt.internal.junit.launcher,49,10
org.eclipse.jdt.junit.core,org.eclipse.jdt.junit.core,org.eclipse.jdt.internal.junit.launcher,org.eclipse.jdt.internal.junit.util,15,1
org.eclipse.jdt.junit.core,org.eclipse.jdt.junit.core,org.eclipse.jdt.internal.junit.util,org.eclipse.jdt.internal.junit.launcher,3,3
org.eclipse.jdt.junit.core,org.eclipse.jdt.junit.core,org.eclipse.jdt.internal.junit.util,org.eclipse.jdt.internal.junit.util,6,1
org.eclipse.jdt.junit.core,org.eclipse.jdt.junit.core,org.eclipse.jdt.internal.junit.buildpath,org.eclipse.jdt.internal.junit,7,1
org.eclipse.jdt.junit.core,org.eclipse.jdt.junit.core,org.eclipse.jdt.internal.junit.buildpath,org.eclipse.jdt.internal.junit.buildpath,38,5
org.eclipse.jdt.junit.core,org.eclipse.jdt.junit.core,org.eclipse.jdt.internal.junit.model,org.eclipse.jdt.internal.junit,29,3
org.eclipse.jdt.junit.core,org.eclipse.jdt.junit.core,org.eclipse.jdt.internal.junit.model,org.eclipse.jdt.internal.junit.launcher,2,1
org.eclipse.jdt.junit.core,org.eclipse.jdt.junit.core,org.eclipse.jdt.internal.junit.model,org.eclipse.jdt.internal.junit.model,319,18
org.eclipse.jdt.junit.core,org.eclipse.jdt.junit.core,org.eclipse.jdt.internal.junit.model,org.eclipse.jdt.junit.model,9,3
org.eclipse.jdt.junit.core,org.eclipse.jdt.junit.core,org.eclipse.jdt.internal.junit.model,org.eclipse.jdt.junit,5,1
org.eclipse.jdt.junit.core,org.eclipse.jdt.junit.core,org.eclipse.jdt.junit,org.eclipse.jdt.internal.junit,10,1
org.eclipse.jdt.junit.core,org.eclipse.jdt.junit.core,org.eclipse.jdt.junit,org.eclipse.jdt.internal.junit.launcher,1,1
org.eclipse.jdt.junit.core,org.eclipse.jdt.junit.core,org.eclipse.jdt.junit,org.eclipse.jdt.internal.junit.model,4,1
org.eclipse.jdt.junit.core,org.eclipse.jdt.junit.core,org.eclipse.jdt.junit.launcher,org.eclipse.jdt.internal.junit,3,2
org.eclipse.jdt.junit.core,org.eclipse.jdt.junit.core,org.eclipse.jdt.junit.launcher,org.eclipse.jdt.internal.junit.launcher,16,5
org.eclipse.jdt.junit.core,org.eclipse.jdt.junit.core,org.eclipse.jdt.junit.launcher,org.eclipse.jdt.internal.junit.util,2,1
org.eclipse.jdt.junit.core,org.eclipse.jdt.junit.core,org.eclipse.jdt.junit.launcher,org.eclipse.jdt.junit.launcher,27,2
org.eclipse.jdt.junit.core,org.eclipse.jdt.launching,org.eclipse.jdt.junit.launcher,org.eclipse.jdt.launching,21,5
org.eclipse.jdt.junit.runtime,org.eclipse.jdt.junit.runtime,org.eclipse.jdt.internal.junit.runner.junit3,org.eclipse.jdt.internal.junit.runner.junit3,42,3
org.eclipse.jdt.junit.runtime,org.eclipse.jdt.junit.runtime,org.eclipse.jdt.internal.junit.runner.junit3,org.eclipse.jdt.internal.junit.runner,27,8
org.eclipse.jdt.junit.runtime,org.eclipse.jdt.junit.runtime,org.eclipse.jdt.internal.junit.runner,org.eclipse.jdt.internal.junit.runner,139,18
org.eclipse.jdt.junit4.runtime,org.eclipse.jdt.junit.runtime,org.eclipse.jdt.internal.junit4.runner,org.eclipse.jdt.internal.junit.runner.junit3,1,1
org.eclipse.jdt.junit4.runtime,org.eclipse.jdt.junit.runtime,org.eclipse.jdt.internal.junit4.runner,org.eclipse.jdt.internal.junit.runner,11,4
org.eclipse.jdt.junit4.runtime,org.eclipse.jdt.junit4.runtime,org.eclipse.jdt.internal.junit4.runner,org.eclipse.jdt.internal.junit4.runner,16,5
org.eclipse.jdt.launching,org.eclipse.jdt.debug,org.eclipse.jdt.launching,org.eclipse.jdt.debug.core,2,1
org.eclipse.jdt.launching,org.eclipse.jdt.debug,org.eclipse.jdt.internal.launching,org.eclipse.jdt.debug.core,3,1
org.eclipse.jdt.launching,org.eclipse.jdt.debug,org.eclipse.jdt.internal.launching,com.sun.jdi,5,2
org.eclipse.jdt.launching,org.eclipse.jdt.debug,org.eclipse.jdt.internal.launching,com.sun.jdi.connect,28,5
org.eclipse.jdt.launching,org.eclipse.jdt.debug,org.eclipse.jdt.internal.launching,org.eclipse.jdi,3,1
org.eclipse.jdt.launching,org.eclipse.jdt.debug,org.eclipse.jdt.launching.sourcelookup,org.eclipse.jdt.debug.core,4,1
org.eclipse.jdt.launching,org.eclipse.jdt.debug,org.eclipse.jdt.launching.sourcelookup.containers,org.eclipse.jdt.internal.debug.core,1,1
org.eclipse.jdt.launching,org.eclipse.jdt.launching,org.eclipse.jdt.launching,org.eclipse.jdt.launching,494,24
org.eclipse.jdt.launching,org.eclipse.jdt.launching,org.eclipse.jdt.launching,org.eclipse.jdt.launching.environments,11,2
org.eclipse.jdt.launching,org.eclipse.jdt.launching,org.eclipse.jdt.launching,org.eclipse.jdt.internal.launching,74,11
org.eclipse.jdt.launching,org.eclipse.jdt.launching,org.eclipse.jdt.launching,org.eclipse.jdt.internal.launching.environments,1,1
org.eclipse.jdt.launching,org.eclipse.jdt.launching,org.eclipse.jdt.launching.environments,org.eclipse.jdt.launching,3,1
org.eclipse.jdt.launching,org.eclipse.jdt.launching,org.eclipse.jdt.launching.environments,org.eclipse.jdt.launching.environments,30,1
org.eclipse.jdt.launching,org.eclipse.jdt.launching,org.eclipse.jdt.launching.environments,org.eclipse.jdt.internal.launching,8,3
org.eclipse.jdt.launching,org.eclipse.jdt.launching,org.eclipse.jdt.internal.launching,org.eclipse.jdt.launching,252,21
org.eclipse.jdt.launching,org.eclipse.jdt.launching,org.eclipse.jdt.internal.launching,org.eclipse.jdt.launching.environments,16,3
org.eclipse.jdt.launching,org.eclipse.jdt.launching,org.eclipse.jdt.internal.launching,org.eclipse.jdt.internal.launching,570,36
org.eclipse.jdt.launching,org.eclipse.jdt.launching,org.eclipse.jdt.internal.launching,org.eclipse.jdt.launching.sourcelookup,4,1
org.eclipse.jdt.launching,org.eclipse.jdt.launching,org.eclipse.jdt.internal.launching,org.eclipse.jdt.launching.sourcelookup.containers,4,4
org.eclipse.jdt.launching,org.eclipse.jdt.launching,org.eclipse.jdt.launching.sourcelookup,org.eclipse.jdt.launching,13,2
org.eclipse.jdt.launching,org.eclipse.jdt.launching,org.eclipse.jdt.launching.sourcelookup,org.eclipse.jdt.internal.launching,18,1
org.eclipse.jdt.launching,org.eclipse.jdt.launching,org.eclipse.jdt.launching.sourcelookup,org.eclipse.jdt.launching.sourcelookup,95,6
org.eclipse.jdt.launching,org.eclipse.jdt.launching,org.eclipse.jdt.launching.sourcelookup.containers,org.eclipse.jdt.launching,9,1
org.eclipse.jdt.launching,org.eclipse.jdt.launching,org.eclipse.jdt.launching.sourcelookup.containers,org.eclipse.jdt.launching.sourcelookup.containers,12,3
org.eclipse.jdt.launching,org.eclipse.jdt.launching,org.eclipse.jdt.internal.launching.environments,org.eclipse.jdt.launching,19,6
org.eclipse.jdt.launching,org.eclipse.jdt.launching,org.eclipse.jdt.internal.launching.environments,org.eclipse.jdt.launching.environments,14,5
org.eclipse.jdt.launching,org.eclipse.jdt.launching,org.eclipse.jdt.internal.launching.environments,org.eclipse.jdt.internal.launching,11,1
org.eclipse.jdt.launching,org.eclipse.jdt.launching,org.eclipse.jdt.internal.launching.environments,org.eclipse.jdt.internal.launching.environments,66,6
